{
    "132-03": {
        "TP": 17,
        "TN": 211,
        "FP": 2,
        "FN": 22,
        "accuracy": 0.9047619047619048,
        "precision": 0.8947368421052632,
        "recall": 0.4358974358974359,
        "F1-score": 0.5862068965517242
    },
    "346-01": {
        "TP": 2,
        "TN": 173,
        "FP": 13,
        "FN": 3,
        "accuracy": 0.9162303664921466,
        "precision": 0.13333333333333333,
        "recall": 0.4,
        "F1-score": 0.2
    },
    "169-02": {
        "TP": 2,
        "TN": 239,
        "FP": 2,
        "FN": 4,
        "accuracy": 0.9757085020242915,
        "precision": 0.5,
        "recall": 0.3333333333333333,
        "F1-score": 0.4
    },
    "190-04": {
        "TP": 12,
        "TN": 219,
        "FP": 1,
        "FN": 15,
        "accuracy": 0.9352226720647774,
        "precision": 0.9230769230769231,
        "recall": 0.4444444444444444,
        "F1-score": 0.6
    },
    "238-02": {
        "TP": 11,
        "TN": 114,
        "FP": 1,
        "FN": 12,
        "accuracy": 0.9057971014492754,
        "precision": 0.9166666666666666,
        "recall": 0.4782608695652174,
        "F1-score": 0.6285714285714286
    },
    "389-01": {
        "TP": 16,
        "TN": 205,
        "FP": 5,
        "FN": 9,
        "accuracy": 0.9404255319148936,
        "precision": 0.7619047619047619,
        "recall": 0.64,
        "F1-score": 0.6956521739130435
    },
    "343-03": {
        "TP": 4,
        "TN": 234,
        "FP": 4,
        "FN": 14,
        "accuracy": 0.9296875,
        "precision": 0.5,
        "recall": 0.2222222222222222,
        "F1-score": 0.30769230769230765
    },
    "110-02": {
        "TP": 10,
        "TN": 192,
        "FP": 2,
        "FN": 1,
        "accuracy": 0.9853658536585366,
        "precision": 0.8333333333333334,
        "recall": 0.9090909090909091,
        "F1-score": 0.8695652173913043
    },
    "111-03": {
        "TP": 9,
        "TN": 176,
        "FP": 0,
        "FN": 13,
        "accuracy": 0.9343434343434344,
        "precision": 1.0,
        "recall": 0.4090909090909091,
        "F1-score": 0.5806451612903226
    },
    "192-02": {
        "TP": 10,
        "TN": 205,
        "FP": 0,
        "FN": 25,
        "accuracy": 0.8958333333333334,
        "precision": 1.0,
        "recall": 0.2857142857142857,
        "F1-score": 0.4444444444444445
    },
    "138-05": {
        "TP": 13,
        "TN": 212,
        "FP": 5,
        "FN": 16,
        "accuracy": 0.9146341463414634,
        "precision": 0.7222222222222222,
        "recall": 0.4482758620689655,
        "F1-score": 0.5531914893617021
    },
    "370-01": {
        "TP": 5,
        "TN": 142,
        "FP": 1,
        "FN": 2,
        "accuracy": 0.98,
        "precision": 0.8333333333333334,
        "recall": 0.7142857142857143,
        "F1-score": 0.7692307692307692
    },
    "115-03": {
        "TP": 11,
        "TN": 128,
        "FP": 9,
        "FN": 7,
        "accuracy": 0.896774193548387,
        "precision": 0.55,
        "recall": 0.6111111111111112,
        "F1-score": 0.5789473684210527
    },
    "169-01": {
        "TP": 8,
        "TN": 195,
        "FP": 2,
        "FN": 9,
        "accuracy": 0.9485981308411215,
        "precision": 0.8,
        "recall": 0.47058823529411764,
        "F1-score": 0.5925925925925927
    },
    "311-02": {
        "TP": 15,
        "TN": 189,
        "FP": 7,
        "FN": 9,
        "accuracy": 0.9272727272727272,
        "precision": 0.6818181818181818,
        "recall": 0.625,
        "F1-score": 0.6521739130434783
    },
    "139-02": {
        "TP": 5,
        "TN": 279,
        "FP": 1,
        "FN": 2,
        "accuracy": 0.9895470383275261,
        "precision": 0.8333333333333334,
        "recall": 0.7142857142857143,
        "F1-score": 0.7692307692307692
    },
    "114-02": {
        "TP": 9,
        "TN": 276,
        "FP": 2,
        "FN": 6,
        "accuracy": 0.9726962457337884,
        "precision": 0.8181818181818182,
        "recall": 0.6,
        "F1-score": 0.6923076923076923
    },
    "197-03": {
        "TP": 12,
        "TN": 175,
        "FP": 2,
        "FN": 2,
        "accuracy": 0.9790575916230366,
        "precision": 0.8571428571428571,
        "recall": 0.8571428571428571,
        "F1-score": 0.8571428571428571
    },
    "214-03": {
        "TP": 8,
        "TN": 219,
        "FP": 2,
        "FN": 15,
        "accuracy": 0.930327868852459,
        "precision": 0.8,
        "recall": 0.34782608695652173,
        "F1-score": 0.48484848484848486
    },
    "119-03": {
        "TP": 8,
        "TN": 141,
        "FP": 12,
        "FN": 3,
        "accuracy": 0.9085365853658537,
        "precision": 0.4,
        "recall": 0.7272727272727273,
        "F1-score": 0.5161290322580645
    },
    "165-01": {
        "TP": 11,
        "TN": 172,
        "FP": 0,
        "FN": 7,
        "accuracy": 0.9631578947368421,
        "precision": 1.0,
        "recall": 0.6111111111111112,
        "F1-score": 0.7586206896551725
    },
    "162-02": {
        "TP": 8,
        "TN": 184,
        "FP": 5,
        "FN": 7,
        "accuracy": 0.9411764705882353,
        "precision": 0.6153846153846154,
        "recall": 0.5333333333333333,
        "F1-score": 0.5714285714285715
    },
    "119-04": {
        "TP": 4,
        "TN": 230,
        "FP": 1,
        "FN": 2,
        "accuracy": 0.9873417721518988,
        "precision": 0.8,
        "recall": 0.6666666666666666,
        "F1-score": 0.7272727272727272
    },
    "118-03": {
        "TP": 9,
        "TN": 186,
        "FP": 11,
        "FN": 11,
        "accuracy": 0.8986175115207373,
        "precision": 0.45,
        "recall": 0.45,
        "F1-score": 0.45
    },
    "136-01": {
        "TP": 10,
        "TN": 181,
        "FP": 3,
        "FN": 1,
        "accuracy": 0.9794871794871794,
        "precision": 0.7692307692307693,
        "recall": 0.9090909090909091,
        "F1-score": 0.8333333333333333
    },
    "319-02": {
        "TP": 3,
        "TN": 188,
        "FP": 1,
        "FN": 1,
        "accuracy": 0.9896373056994818,
        "precision": 0.75,
        "recall": 0.75,
        "F1-score": 0.75
    },
    "119-05": {
        "TP": 5,
        "TN": 214,
        "FP": 1,
        "FN": 0,
        "accuracy": 0.9954545454545455,
        "precision": 0.8333333333333334,
        "recall": 1.0,
        "F1-score": 0.9090909090909091
    },
    "164-01": {
        "TP": 10,
        "TN": 226,
        "FP": 2,
        "FN": 10,
        "accuracy": 0.9516129032258065,
        "precision": 0.8333333333333334,
        "recall": 0.5,
        "F1-score": 0.625
    },
    "219-02": {
        "TP": 0,
        "TN": 96,
        "FP": 1,
        "FN": 2,
        "accuracy": 0.9696969696969697,
        "precision": 0.0,
        "recall": 0.0,
        "F1-score": 0.0
    },
    "202-01": {
        "TP": 20,
        "TN": 257,
        "FP": 4,
        "FN": 20,
        "accuracy": 0.920265780730897,
        "precision": 0.8333333333333334,
        "recall": 0.5,
        "F1-score": 0.625
    },
    "383-02": {
        "TP": 11,
        "TN": 268,
        "FP": 1,
        "FN": 2,
        "accuracy": 0.9893617021276596,
        "precision": 0.9166666666666666,
        "recall": 0.8461538461538461,
        "F1-score": 0.8799999999999999
    },
    "235-04": {
        "TP": 6,
        "TN": 229,
        "FP": 2,
        "FN": 6,
        "accuracy": 0.9670781893004116,
        "precision": 0.75,
        "recall": 0.5,
        "F1-score": 0.6
    },
    "119-02": {
        "TP": 8,
        "TN": 195,
        "FP": 0,
        "FN": 3,
        "accuracy": 0.9854368932038835,
        "precision": 1.0,
        "recall": 0.7272727272727273,
        "F1-score": 0.8421052631578948
    },
    "164-03": {
        "TP": 11,
        "TN": 152,
        "FP": 4,
        "FN": 10,
        "accuracy": 0.9209039548022598,
        "precision": 0.7333333333333333,
        "recall": 0.5238095238095238,