{
    "214-03": {
        "TP": 12,
        "TN": 216,
        "FP": 5,
        "FN": 11,
        "accuracy": 0.9344262295081968,
        "precision": 0.7058823529411765,
        "recall": 0.5217391304347826,
        "F1-score": 0.6
    },
    "118-03": {
        "TP": 11,
        "TN": 189,
        "FP": 8,
        "FN": 9,
        "accuracy": 0.9216589861751152,
        "precision": 0.5789473684210527,
        "recall": 0.55,
        "F1-score": 0.5641025641025641
    },
    "119-03": {
        "TP": 8,
        "TN": 153,
        "FP": 0,
        "FN": 3,
        "accuracy": 0.9817073170731707,
        "precision": 1.0,
        "recall": 0.7272727272727273,
        "F1-score": 0.8421052631578948
    },
    "383-02": {
        "TP": 9,
        "TN": 264,
        "FP": 5,
        "FN": 4,
        "accuracy": 0.9680851063829787,
        "precision": 0.6428571428571429,
        "recall": 0.6923076923076923,
        "F1-score": 0.6666666666666666
    },
    "165-02": {
        "TP": 11,
        "TN": 207,
        "FP": 7,
        "FN": 2,
        "accuracy": 0.960352422907489,
        "precision": 0.6111111111111112,
        "recall": 0.8461538461538461,
        "F1-score": 0.7096774193548387
    },
    "370-03": {
        "TP": 8,
        "TN": 149,
        "FP": 6,
        "FN": 5,
        "accuracy": 0.9345238095238095,
        "precision": 0.5714285714285714,
        "recall": 0.6153846153846154,
        "F1-score": 0.5925925925925927
    },
    "311-02": {
        "TP": 12,
        "TN": 193,
        "FP": 3,
        "FN": 12,
        "accuracy": 0.9318181818181818,
        "precision": 0.8,
        "recall": 0.5,
        "F1-score": 0.6153846153846154
    },
    "160-02": {
        "TP": 6,
        "TN": 211,
        "FP": 5,
        "FN": 6,
        "accuracy": 0.9517543859649122,
        "precision": 0.5454545454545454,
        "recall": 0.5,
        "F1-score": 0.5217391304347826
    },
    "119-05": {
        "TP": 4,
        "TN": 182,
        "FP": 33,
        "FN": 1,
        "accuracy": 0.8454545454545455,
        "precision": 0.10810810810810811,
        "recall": 0.8,
        "F1-score": 0.19047619047619047
    },
    "343-03": {
        "TP": 5,
        "TN": 225,
        "FP": 13,
        "FN": 13,
        "accuracy": 0.8984375,
        "precision": 0.2777777777777778,
        "recall": 0.2777777777777778,
        "F1-score": 0.2777777777777778
    },
    "238-02": {
        "TP": 19,
        "TN": 111,
        "FP": 4,
        "FN": 4,
        "accuracy": 0.9420289855072463,
        "precision": 0.8260869565217391,
        "recall": 0.8260869565217391,
        "F1-score": 0.8260869565217391
    },
    "192-01": {
        "TP": 11,
        "TN": 171,
        "FP": 6,
        "FN": 9,
        "accuracy": 0.9238578680203046,
        "precision": 0.6470588235294118,
        "recall": 0.55,
        "F1-score": 0.5945945945945946
    },
    "348-03": {
        "TP": 4,
        "TN": 192,
        "FP": 4,
        "FN": 1,
        "accuracy": 0.9751243781094527,
        "precision": 0.5,
        "recall": 0.8,
        "F1-score": 0.6153846153846154
    },
    "190-04": {
        "TP": 15,
        "TN": 216,
        "FP": 4,
        "FN": 12,
        "accuracy": 0.9352226720647774,
        "precision": 0.7894736842105263,
        "recall": 0.5555555555555556,
        "F1-score": 0.6521739130434783
    },
    "162-02": {
        "TP": 5,
        "TN": 173,
        "FP": 16,
        "FN": 10,
        "accuracy": 0.8725490196078431,
        "precision": 0.23809523809523808,
        "recall": 0.3333333333333333,
        "F1-score": 0.2777777777777778
    },
    "230-01": {
        "TP": 6,
        "TN": 184,
        "FP": 27,
        "FN": 10,
        "accuracy": 0.8370044052863436,
        "precision": 0.18181818181818182,
        "recall": 0.375,
        "F1-score": 0.24489795918367344
    },
    "215-01": {
        "TP": 2,
        "TN": 251,
        "FP": 3,
        "FN": 1,
        "accuracy": 0.9844357976653697,
        "precision": 0.4,
        "recall": 0.6666666666666666,
        "F1-score": 0.5
    },
    "161-03": {
        "TP": 15,
        "TN": 169,
        "FP": 16,
        "FN": 0,
        "accuracy": 0.92,
        "precision": 0.4838709677419355,
        "recall": 1.0,
        "F1-score": 0.6521739130434783
    },
    "119-04": {
        "TP": 6,
        "TN": 157,
        "FP": 74,
        "FN": 0,
        "accuracy": 0.6877637130801688,
        "precision": 0.075,
        "recall": 1.0,
        "F1-score": 0.13953488372093023
    },
    "164-01": {
        "TP": 15,
        "TN": 220,
        "FP": 8,
        "FN": 5,
        "accuracy": 0.9475806451612904,
        "precision": 0.6521739130434783,
        "recall": 0.75,
        "F1-score": 0.6976744186046512
    },
    "111-03": {
        "TP": 10,
        "TN": 158,
        "FP": 18,
        "FN": 12,
        "accuracy": 0.8484848484848485,
        "precision": 0.35714285714285715,
        "recall": 0.45454545454545453,
        "F1-score": 0.4
    },
    "219-02": {
        "TP": 0,
        "TN": 87,
        "FP": 10,
        "FN": 2,
        "accuracy": 0.8787878787878788,
        "precision": 0.0,
        "recall": 0.0,
        "F1-score": 0.0
    },
    "114-02": {
        "TP": 12,
        "TN": 261,
        "FP": 17,
        "FN": 3,
        "accuracy": 0.931740614334471,
        "precision": 0.41379310344827586,
        "recall": 0.8,
        "F1-score": 0.5454545454545454
    },
    "310-01": {
        "TP": 10,
        "TN": 194,
        "FP": 27,
        "FN": 7,
        "accuracy": 0.8571428571428571,
        "precision": 0.2702702702702703,
        "recall": 0.5882352941176471,
        "F1-score": 0.37037037037037035
    },
    "164-04": {
        "TP": 8,
        "TN": 137,
        "FP": 29,
        "FN": 0,
        "accuracy": 0.8333333333333334,
        "precision": 0.21621621621621623,
        "recall": 1.0,
        "F1-score": 0.35555555555555557
    },
    "207-03": {
        "TP": 2,
        "TN": 190,
        "FP": 13,
        "FN": 10,
        "accuracy": 0.8930232558139535,
        "precision": 0.13333333333333333,
        "recall": 0.16666666666666666,
        "F1-score": 0.14814814814814814
    },
    "206-04": {
        "TP": 5,
        "TN": 192,
        "FP": 27,
        "FN": 4,
        "accuracy": 0.8640350877192983,
        "precision": 0.15625,
        "recall": 0.5555555555555556,
        "F1-score": 0.24390243902439024
    },
    "346-01": {
        "TP": 5,
        "TN": 133,
        "FP": 53,
        "FN": 0,
        "accuracy": 0.7225130890052356,
        "precision": 0.08620689655172414,
        "recall": 1.0,
        "F1-score": 0.15873015873015872
    },
    "370-01": {
        "TP": 7,
        "TN": 132,
        "FP": 11,
        "FN": 0,
        "accuracy": 0.9266666666666666,
        "precision": 0.3888888888888889,
        "recall": 1.0,
        "F1-score": 0.56
    },
    "197-03": {
        "TP": 10,
        "TN": 133,
        "FP": 44,
        "FN": 4,
        "accuracy": 0.7486910994764397,
        "precision": 0.18518518518518517,
        "recall": 0.7142857142857143,
        "F1-score": 0.2941176470588235
    },
    "263-01": {
        "TP": 11,
        "TN": 135,
        "FP": 18,
        "FN": 6,
        "accuracy": 0.8588235294117647,
        "precision": 0.3793103448275862,
        "recall": 0.6470588235294118,
        "F1-score": 0.4782608695652174
    },
    "169-02": {
        "TP": 3,
        "TN": 212,
        "FP": 29,
        "FN": 3,
        "accuracy": 0.8704453441295547,
        "precision": 0.09375,
        "recall": 0.5,
        "F1-score": 0.15789473684210525
    },
    "119-02": {
        "TP": 7,
        "TN": 193,
        "FP": 2,
        "FN": 4,
        "accuracy": 0.970873786407767,
        "precision": 0.7777777777777778,
        "recall": 0.6363636363636364,
        "F1-score": 0.7000000000000001
    },
    "115-03": {
        "TP": 12,
        "TN": 123,
        "FP": 14,
        "FN": 6,